,method,scheduling,normal,active,idle,fps,rate
0,EDF(no risk),0.012,0.682,0.0,0.30599999999999994,8.72,0.0
1,SEER(no risk),0.033,0.723,0.0,0.244,9.57,0.0
2,SEER(low risk),0.042,0.715,0.12,0.123,8.97,0.95
3,SEER(mid risk),0.047,0.708,0.18,0.06499999999999995,8.63,0.88
4,SEER(high risk),0.049,0.71,0.23,0.01100000000000001,8.29,0.77